X,Y,Z,formation
564374.23,5249715.30,882.67,Fault_00
564253.57,5249368.82,710.02,Fault_00
563941.29,5248472.04,558.95,Fault_00
563735.46,5247880.98,343.131,Fault_00
563529.64,5247289.91,-45.341,Fault_00
563089.60,5246026.27,-390.65,Fault_00
573970.20,5252467.36,862.694,Fault_00
574332.87,5251660.52,-21.907,Fault_00
574657.36,5250938.60,-673.75,Fault_00
574000,5243276.25886,-1993,Fault_00
574000,5238333.79361,-1993,Fault_00
574000,5233084.78320,-1993,Fault_00
569662.99,5251021.22,1300,Fault_00
566216.37,5250231.37,1300,Fault_00
560295.51,5248693.95,1300,Fault_00
557538.21,5248062.07,1300,Fault_00
557444.23,5234000,-1538.6,Fault_00
560611.33,5234000,-1768.8,Fault_00
563385.12,5234000,-1883.9,Fault_00
566949.77,5234000,-1858.3,Fault_00
571111.70,5234000,-1922.2,Fault_00
573542.66,5234000,-1960.6,Fault_00
568402.37,5241596.60,1110.18,Fault_004
570436.03,5240162.20,424.706,Fault_004
571924.59,5238212.55,-25.140,Fault_004
572285.78,5235748.61,-217.93,Fault_004
572366.21,5234922.92,-153.66,Fault_004
574178.49,5243502.10,1300,Fault_004
570997.34,5242198.47,1300,Fault_004
566699.64,5240404.89,1300,Fault_004
562625.99,5238776.72,1300,Fault_004
558215.94,5236872.36,1300,Fault_004
570243.25,5234000,59.6721,Fault_004
567784.35,5234000,-119.34,Fault_004
563963.35,5234000,-298.36,Fault_004
559917.16,5234000,-132.13,Fault_004
557540.77,5234000,225.901,Fault_004
563600.61,5247493.73,1227.98,Fault_001
563330.91,5246719.23,969.004,Fault_001
558001.27,5245820.96,1300,Fault_001
560640.49,5246286.89,1300,Fault_001
568681.34,5248074.03,1300,Fault_001
572701.77,5248967.60,1300,Fault_001
574001,5238334.79361,-1993,Fault_001
574001,5233085.78320,-1993,Fault_001
556000,5243141.50,315.8306,Fault_001
556000,5241251.29,-452.963,Fault_001
556000,5238822.49,-935.292,Fault_001
556000,5236594.84,-1275.04,Fault_001
556000,5234483.75,-1386.38,Fault_001
567644.80,5243067.80,729.959,Fault_003
568265.08,5241863.22,167.650,Fault_003
571847.99,5238389.47,-175.08,Fault_003
572366.21,5234922.92,-175.08,Fault_003
566935.06,5242849.29,1300,Fault_003
573792.20,5245800.62,1300,Fault_003
570727.27,5244384.90,1300,Fault_003
563662.33,5241595.54,1300,Fault_003
559558.44,5240110.60,1300,Fault_003
573054.00,5254505.71,606.625,Fault_2
573368.95,5253805.03,-138.30,Fault_2
573645.71,5253189.28,-673.72,Fault_2
573893.85,5252637.22,-953.07,Fault_2
574161.08,5252042.71,-1185.8,Fault_2
574657.36,5250938.60,-1465.2,Fault_2
574840.91,5250530.23,-1628.1,Fault_2
566118.42,5254724.04,661.460,Fault_2
565820.32,5253868.02,-50.730,Fault_2
565486.75,5252910.09,-633.446,Fault_2
565217.04,5252135.60,-1065.08,Fault_2
564606.67,5250382.79,-1475.13,Fault_2
563967.90,5248548.47,-1734.11,Fault_2
563542.06,5247325.58,-1906.7743040358473,Fault_2
563102.0235721779,5246061.9383071920,-1993.1016337430647,Fault_2
573054.7015216544,5254929.379633242,1300,Fault_2
570554.8185719859,5254908.310573546,1300,Fault_2
568998.5173624658,5255042.528287163,1300,Fault_2
566886.9293796333,5255128.365197035,1300,Fault_2
565387.4365977370,5255037.065938354,1300,Fault_2
561835.0370659383,5254468.981662114,1300,Fault_2
559336.4026531408,5254223.175965665,1300,Fault_2
557726.7264923918,5253964.884900507,1300,Fault_2
556117.9867342957,5253538.041357784,1300,Fault_2
555529.9836317642,5240202.866921283,-1993,Fault_2
555633.5499231188,5243632.260304548,-1993,Fault_2
555741.6794801845,5246331.531174049,-1993,Fault_2
574365.7556668816,5236479.341302514,-1993,Fault_2
574284.0136897970,5239558.057636029,-1993,Fault_2
574231.5361341203,5242954.466544318,-1993,Fault_2
566671.3473628039,5256927.00716285,693.8365033940295,Fault_3
566633.6855416704,5256486.185501315,186.66344136413636,Fault_3
566519.4236370405,5255875.592804906,-147.85496125132477,Fault_3
566231.9787717717,5255050.145230378,-557.9097773606004,Fault_3
565940.9852044625,5254214.506945002,-881.6372637626596,Fault_3
565742.2578902026,5253643.827140355,-1054.2919231770911,Fault_3
565632.2481269516,5253327.915105604,-1205.3647501647192,Fault_3
565486.751343297,5252910.0959629503,-1453.5558230729648,Fault_3
565217.04998823,5252135.60194236000,-1852.8197229688385,Fault_3
564837.3388699119,5251045.195887053,-1917.5652202492502,Fault_3
564051.3013679731,5248787.953445460,-1912.1697621425492,Fault_3
563614.8110170093,5247534.496017396,-1933.751594569353,Fault_3
563249.2947068526,5246484.852805279,-1933.751594569353,Fault_3
571784.6819002606,5257329.668963055,653.1835690159105,Fault_3
572118.7143509914,5256586.522425123,-301.25719205207406,Fault_3
572739.0603309202,5255206.393140391,-1116.0236954027923,Fault_3
573521.650644061,5253465.3069658065,-1651.4416833189798,Fault_3
574676.4485451591,5250896.143220383,-1814.394983989122,Fault_3
573734.9140486070,5257721.398933018,1300,Fault_3
570716.4196799052,5257092.471843509,1300,Fault_3
568935.6253704801,5257014.819205691,1300,Fault_3
565025.1333728512,5256436.870183758,1300,Fault_3
562429.8755186722,5255393.005334915,1300,Fault_3
558733.1888525992,5254475.138121547,1300,Fault_3
556986.5999206374,5253922.651933702,1300,Fault_3
555994.2614694302,5253867.403314917,1300,Fault_3
557308.3676404939,5240661.425524527,-1990,Fault_3
557254.1044591041,5244343.534546897,-1990,Fault_3
557384.5543375824,5248471.553990377,-1990,Fault_3
563532.5628689053,5239790.188978702,-1990,Fault_3
563631.9627002628,5243886.215961509,-1990,Fault_3
571323.9422647685,5238169.485640593,-1990,Fault_3
571413.6203561331,5243820.991022270,-1990,Fault_3
571475.4228460889,5248932.592629333,-1990,Fault_3
570429.4645287241,5260344.72063129,466.9512253928888,Fault_4
570773.0407637615,5259580.34133508,-603.8847504394844,Fault_4
571202.5110575582,5258624.86721488,-1465.209339695958,Fault_4
571746.5067630343,5257414.59999592,-2140.30158532941,Fault_4
572510.0095075619,5255715.97933783,-2978.347131633006,Fault_4
573225.7933305566,5254123.52247032,-3490.486076596316,Fault_4
574561.9231334799,5251150.93631025,-3769.8345920308466,Fault_4
573531.8316538234,5262449.91108476,1300,Fault_4
571704.4457617071,5261653.23058684,1300,Fault_4
568985.0622406639,5260907.52815649,1300,Fault_4
567164.0782454060,5259751.63011262,1300,Fault_4
565103.3787788975,5258713.10017783,1300,Fault_4
561739.1819798459,5257481.92056905,1300,Fault_4
559380.4386484884,5256500.29638411,1300,Fault_4
557317.6052163604,5255581.50563129,1300,Fault_4
556000,5253878.671775224,-481.4814814814781,Fault_4
556000,5250855.683269476,-1814.814814814813,Fault_4
556000,5246130.268199234,-2333.333333333331,Fault_4
556000,5241139.208173691,-2703.7037037037026,Fault_4
556000,5236736.909323117,-3037.0370370370365,Fault_4
569790.0309801821,5261767.315432424,932.532084450444,Fault_5
569856.8374703283,5261618.686124837,-394.373363863584,Fault_5
569971.3628820075,5261363.893026118,-1139.3027383556691,Fault_5
570095.4320779932,5261087.867169172,-1767.8368980833657,Fault_5
570324.4829013515,5260578.280971732,-2093.7434994236537,Fault_5
570954.3726655868,5259176.918928773,-2629.1614873398394,Fault_5
571450.6494495298,5258072.815500988,-3118.0213893502714,Fault_5
572319.1338214299,5256140.634502363,-3280.9746900204154,Fault_5
573368.9500951555,5253805.031097433,-3443.9279906905595,Fault_5
574437.8539374942,5251426.962176048,-3723.2765061250902,Fault_5
573852.9964501983,5263797.243683442,1300,Fault_5
571369.1793693881,5262814.783879724,1300,Fault_5
568661.0983503864,5261834.412194613,1300,Fault_5
567643.4537481728,5261341.094174149,1300,Fault_5
564479.3276258091,5259918.041344749,1300,Fault_5
561256.3165587805,5258327.939026937,1300,Fault_5
558204.3224055127,5256903.842138234,1300,Fault_5
556565.537064105,5256160.980580497,1300,Fault_5
556000,5253205.619412516,-1740.7407407407381,Fault_5
556000,5249773.946360153,-1999.9999999999982,Fault_5
556000,5242314.176245211,-2666.666666666665,Fault_5
556000,5237670.498084291,-2999.999999999999,Fault_5
556000,5233487.867177523,-3148.148148148147,Fault_5
574000,5233785.367247785,-3459.274078308088,Fault_5
574000,5241143.183766791,-3440.411546156043,Fault_5
574000,5245347.242069162,-3726.779079737066,Fault_5
569284.2104119326,5262892.651618436,-976.3494376855251,Fault_6
568463.4449615653,5264718.668825927,-1791.1159410362434,Fault_6
567680.8546484245,5266459.755000512,-2233.417757140918,Fault_6
566974.6146097365,5268030.979109284,-2489.487229622573,Fault_6
565142.2080228701,5272107.668688799,-2396.371057811062,Fault_6
564006.4976903852,5274634.366917770,-2303.2548859995513,Fault_6
574164.1468682504,5265058.979896993,1300,Fault_6
573014.4542282771,5264460.873899319,1300,Fault_6
570831.3673367668,5263440.770892175,1300,Fault_6
568306.6954643627,5262531.982056821,1300,Fault_6
566352.2179764080,5261515.201860774,1300,Fault_6
563077.9199202524,5260014.121947167,1300,Fault_6
559571.0250872237,5258160.8240571525,1300,Fault_6
557215.8165808273,5257080.079747466,1300,Fault_6
555835.5208506396,5256304.20335604,1300,Fault_6
563977.8663374655,5274698.065192450,-2303.2548859995495,Fault_7
565037.2263954976,5272341.229029292,-2361.452493381744,Fault_7
566106.1302378363,5269963.160107909,-2454.5686651932547,Fault_7
566712.1605413051,5268614.879960515,-2524.405794051887,Fault_7
566998.4740705029,5267977.897213717,-2524.405794051887,Fault_7
567723.8016778042,5266364.207588492,-2245.057278617355,Fault_7
568081.6935893015,5265567.979154993,-1977.3482846592615,Fault_7
568530.2514517115,5264570.039518305,-1732.9183336540464,Fault_7
568883.3714710556,5263784.427463955,-1407.0117323137592,Fault_7
569365.3325785387,5262712.173173501,-1337.174603455126,Fault_7
569589.6115097436,5262213.203355184,-1407.0117323137592,Fault_7
569957.0472055476,5261395.742163458,-1721.2788121776075,Fault_7
570286.307764125,5260663.2120046380,-2047.1854135178946,Fault_7
570844.6191460609,5259421.095648380,-2582.603401434081,Fault_7
571336.1240378506,5258327.608599705,-3048.1842604916346,Fault_7
571503.140263216,5257956.0353307420,-3152.9399537795844,Fault_7
572238.0116548239,5256321.112947290,-3292.6142114968507,Fault_7
573182.8463011768,5254219.069882852,-3455.5675121669947,Fault_7
574022.6993201573,5252350.587158907,-3571.9627269313823,Fault_7
563681.1132536436,5251166.011329398,-2217.7699900050743,Fault_7
557296.7908858364,5265159.275757106,-2285.7532047707514,Fault_7
557961.8468273431,5263699.203030209,-2394.5263483958347,Fault_7
558604.3584996463,5262288.624294055,-2462.5095631615113,Fault_7
559173.6012970377,5261038.901027812,-2516.896134974053,Fault_7
559607.5784792074,5260086.141706023,-2544.089420880324,Fault_7
559934.4703826598,5259368.478840261,-2557.6860638334592,Fault_7
560712.2476701846,5257660.936159653,-2204.1733470519393,Fault_7
561191.3133907615,5256609.188856379,-1959.4337738955019,Fault_7
561602.7463037276,5255705.923525332,-1592.3244141608466,Fault_7
561788.7365246575,5255297.598101709,-1456.3579846294924,Fault_7
562047.995620499,5254728.4172081730,-1401.9714128169512,Fault_7
562476.3367353678,5253788.031384070,-1483.5512705357633,Fault_7
562949.7663886438,5252748.657578482,-1782.677415504742,Fault_7
563327.3828978044,5251919.633233550,-2136.1901322862623,Fault_7
563839.4814650199,5275005.940186736,-2303.254885999564,Fault_8
565538.2750715938,5271226.509222394,-2349.8129719053195,Fault_8
566845.7735215974,5268317.621345344,-2512.7662725754635,Fault_8
567208.437325248,5267510.7765327310,-2466.208186669708,Fault_8
567952.8525011624,5265854.621391053,-2093.7434994236646,Fault_8
568296.4287362,5265090.242094894000,-2070.464456470787,Fault_8
568926.3185004352,5263688.880051935,-2163.5806282822978,Fault_8
569422.5952843782,5262584.776624150,-2186.8596712351755,Fault_8
569775.7153037223,5261799.164569764,-2396.371057811075,Fault_8
570596.4807540894,5259973.147362272,-3071.463303444527,Fault_8
571159.5640281786,5258720.414626901,-3583.6022484078367,Fault_8
571359.9834986171,5258274.526704141,-3793.113634983736,Fault_8
572285.7305763569,5256214.949156157,-3979.345978606758,Fault_8
573535.9663205208,5253433.457828467,-4235.415451088411,Fault_8
574309.0128493551,5251713.604412109,-4386.729230282123,Fault_8
575113,5264638,-2571.72,Fault_8
575309,5264638,-2579.24,Fault_8
564803.403679986,5272861.4316058460,-2373.092014858217,Fault_9
566110.9021299896,5269952.543728795,-2396.371057811095,Fault_9
566998.4740705029,5267977.897213717,-2512.7662725754835,Fault_9
568134.1844029878,5265451.198984747,-2722.277659151381,Fault_9
569136.2817551803,5263221.759370949,-2838.6728739157697,Fault_9
569451.226637298,5262521.0783494700,-2838.6728739157697,Fault_9
569909.3282840146,5261501.905954591,-3187.8585182089355,Fault_9
570472.4115581037,5260249.173219219,-3630.1603343136103,Fault_9
571130.9326752588,5258784.112901585,-3769.8345920308766,Fault_9
572247.5554391305,5256299.880189063,-4025.9040645125315,Fault_9
573631.4041635869,5253221.130246200,-4258.694494041309,Fault_9
574719.3955745387,5250800.595808363,-4421.647794711453,Fault_9
557030.4867058686,5265743.923522749,-2292.551526247311,Fault_9
558056.2509546333,5263491.946943976,-2414.9213128255296,Fault_9
559144.0119437079,5261103.861890665,-2510.0978134974775,Fault_9
560062.6909137553,5259086.981767914,-2605.2743141694255,Fault_9
560834.8321339793,5257391.812584992,-2646.0642430288317,Fault_9
561522.4323446897,5255882.245867352,-2700.4508148413724,Fault_9
562187.4882861965,5254422.173140455,-2795.6273155133204,Fault_9
562356.5703052236,5254050.968209889,-2863.6105302789974,Fault_9
562841.2720931014,5252986.847408930,-3217.123247060518,Fault_9
563241.4328714656,5252108.329073254,-3516.2493920294964,Fault_9
563427.4230923955,5251700.003649631,-3625.0225356545798,Fault_9
575096,5264638,-3368.39,Fault_9
575343,5264638,-3375.91,Fault_9
573869.9987712518,5252690.311290534,763.7590230420385,LFM
573877.1566094817,5252674.386721863,368.015292843118,LFM
573865.2268790985,5252700.927669647,117.765581099683,LFM
573815.1220114888,5252812.399650337,-91.74580547621599,LFM
573757.8593056493,5252939.796199697,-208.14102024060435,LFM
573629.0182175102,5253226.438435757,-289.61767057567613,LFM
573543.1241587509,5253417.533259796,-248.87934540814035,LFM
573471.5457764514,5253576.778946497,-155.76317359662949,LFM
573364.1782030022,5253815.647476546,-10.26915514114421,LFM
565905.4981840589,5254112.599837029,229.82710621774413,LFM
565845.170249373,5253939.3577534760,337.736268351764,LFM
565731.6117840816,5253613.255007964,391.6908494187742,LFM
565635.796828992,5253338.1058164380,294.57260349815624,LFM
565454.8130249338,5252818.379565777,175.87252515073442,LFM
565319.9623474003,5252431.132555481,337.736268351764,LFM
565241.8909025125,5252206.936917941,661.4637547538237,LFM
565220.5986902703,5252145.792653158,769.3729168878435,LFM
563844.2533571732,5274995.323807623,-2815.3938309629275,LFM
564898.841523052,5272649.1040235790,-2943.428567203755,LFM
571901.5932580164,5257069.567674779,728.840458612722,LFM
572037.5921843854,5256767.000870049,280.7188817698268,LFM
572199.8365175975,5256406.043980196,-120.84460916731314,LFM
572431.2732870325,5255891.149593201,-435.11168903116163,LFM
572696.1133015405,5255301.940552411,-772.6578118478878,LFM
572925.1641248987,5254792.354354971,-987.9889591620063,LFM
573204.3198158666,5254171.296176842,-1022.9075235913228,LFM
573416.6690166885,5253698.867306295,-982.1691984237868,LFM
573586.0711881305,5253321.985847777,-854.1344621829599,LFM
573640.9479478934,5253199.897487973,-790.1170940625461,LFM
566658.4872287583,5256776.482693058,683.0455871806275,LFM
566622.6625696314,5256357.164527207,272.99077107135236,LFM
566491.0340207177,5255794.067118578,-50.736715330707284,LFM
566370.3781513455,5255447.582951471,-234.18229095854076,LFM
566231.9787717717,5255050.145230378,-417.6278665863747,LFM
566136.1638166821,5254774.996038851,-439.2096990131786,LFM
566019.0566493503,5254438.702582542,-396.04603415957035,LFM
565923.2416942607,5254163.553391016,-180.22770989153105,LFM
565852.2676534536,5253959.739175071,-83.10946397091311,LFM
569736.7194087594,5252125.142602053,1300,LFM
567019.2946778433,5251913.099548633,1300,LFM
563456.7729775308,5251916.571598630,1300,LFM
560988.5422350081,5251833.490402261,1300,LFM
558114.2800456326,5251715.440702345,1300,LFM
566916.6628864995,5244481.873385197,-5241.2234230126305,LFM
567475.6434104802,5243396.325652866,-5369.751122705936,LFM
568044.4306103203,5242291.733223477,-5530.410747322567,LFM
568363.1475757479,5241672.780569075,-5541.121388963676,LFM
569268.9945603939,5240588.413817503,-5198.380856448196,LFM
570778.1009960314,5240037.279292987,-5348.329839423718,LFM
571899.0637801667,5238271.528354998,-5487.568180758131,LFM
572309.6690745201,5235503.431060655,-5508.989464040349,LFM
572366.2130145525,5234922.926320347,-5508.989464040349,LFM
563844.2533571732,5274995.323807623,-2815.3938309629275,LFM
564898.841523052,5272649.1040235790,-2943.428567203755,LFM
566225.4275416688,5269697.750630075,-3118.021389350337,LFM
567427.9443642998,5267022.423093518,-3327.5327759262364,LFM
568601.829834011,5264410.7938316410,-3467.2070336435027,LFM
569613.4709705102,5262160.121459616,-3653.4393772665244,LFM
570801.6721166814,5259516.643060399,-3816.3926779366684,LFM
572075.7673216119,5256682.069837143,-4014.264543036128,LFM
573674.3511929666,5253125.582834175,-4281.973536994222,LFM
566693.3933068819,5257185.049111066,-4280.775870984284,LFM
566612.5581785956,5256238.895300942,-4518.176027679128,LFM
566345.537237063,5255376.2479758900,-4669.2488546667555,LFM
565926.7903963011,5254173.744101813,-4949.812676215206,LFM
565536.4331718619,5253052.765914114,-5057.721838349227,LFM
565202.8551800685,5252094.839099172,-5144.049168056443,LFM
564784.1083393065,5250892.335225095,-5079.303670776031,LFM
564379.5563067059,5249730.594194206,-4906.649011361598,LFM
564003.3938904282,5248650.378849697,-4820.321681654383,LFM
563818.8613843297,5248120.461888240,-4820.321681654383,LFM
563584.6470496663,5247447.874975620,-5165.631000483247,LFM
563087.6415315456,5246020.637793627,-4992.976341068816,LFM
564248,5273663,-2883.63,LFM
564396,5273663,-2883.63,LFM
573629.0182175102,5253226.438435757,-568.9661860102083,LMM
573729.2279527294,5253003.494474377,-580.6057074866471,LMM
573831.8236340254,5252775.242323445,-470.0302534604782,LMM
573927.2614770913,5252562.914741174,-254.69910614635978,LMM
574005.9976976208,5252387.744485804,129.40510257612186,LMM
574017.927428004,5252361.2035380210,402.9338572724346,LMM
574017.927428004,5252361.2035380210,705.5614156598443,LMM
565806.134526929,5253827.2599347070,-18.363966690501456,LMM
565696.124763678,5253511.3478999910,132.70886029712665,LMM
565628.6994249112,5253317.724394843,132.70886029712665,LMM
565547.079277983,5253083.3380465060,14.008781949704826,LMM
565483.2026412566,5252899.905252155,-18.363966690501456,LMM
565298.6701351581,5252369.988290697,121.91794408372425,LMM
565185.1116698667,5252043.885545185,456.43634669918583,LMM
565142.5272453824,5251921.597015618,790.9547493146474,LMM
565649.9916371533,5253378.868659627,-406.83695037297275,LMM
565735.1604861219,5253623.445718761,-363.6732855193645,LMM
565799.0371228483,5253806.878513112,-363.6732855193645,LMM
565891.3033758976,5254071.836993845,-363.6732855193645,LMM
565944.5339065029,5254224.697655800,-439.2096990131786,LMM
565969.3748207854,5254296.032631385,-536.3279449337965,LMM
566011.9592452697,5254418.321160947,-644.2371070678159,LMM
566072.2871799557,5254591.563244501,-644.2371070678159,LMM
566107.7742003592,5254693.470352474,-644.2371070678159,LMM
566139.7125187225,5254785.186749649,-644.2371070678159,LMM
566936.2762382182,5244443.783991080,-5508.989464040349,LMM
567436.4167070431,5243472.504441099,-5648.227805374763,LMM
567975.7838793051,5242425.046102886,-5798.176788350285,LMM
568554.3777550046,5241301.408976438,-5755.33422178585,LMM
569872.6371346489,5240367.960007696,-5508.989464040349,LMM
571630.9521662173,5238890.74664183,-5637.517163733654,LMM
572207.9104220825,5236548.129751153,-5744.623580144742,LMM
572366.2130145525,5234922.926320347,-5701.7810135803065,LMM
572366.2130145525,5234922.926320347,-5723.202296862522,LMM
563872.8847100929,5274931.625532943,-2984.166892371276,LMM
565032.4545033443,5272351.845408406,-3135.480671564981,LMM
566039.3237476901,5270111.789415495,-3310.073493711563,LMM
566821.914060831,5268370.7032409110,-3449.7477514288294,LMM
567819.2395208701,5266151.880006226,-3577.782487669657,LMM
568425.269824339,5264803.5998588340,-3729.096266863361,LMM
569055.1595885743,5263402.237815876,-3833.851960151311,LMM
569608.6990783568,5262170.737838730,-3880.410046057066,LMM
571858.6462286367,5257165.115086799,-4357.630426591056,LMM
572767.69168384,5255142.69486571100,-4543.862770214077,LMM
573426.2128009951,5253677.634548073,-4700.996310146002,LMM
574633.5015157794,5250991.690632402,-5015.26339000985,LMM
563092.7897007372,5246035.421650589,-4647.667022239952,LMM
566647.4642567192,5256647.461718950,-4690.830687093559,LMM
566395.2190656281,5255518.917927052,-4863.4853465079905,LMM
565997.7644371082,5254377.558317758,-5165.631000483247,LMM
565586.115000427,5253195.4358652760,-5316.703827470874,LMM
565259.6344127142,5252257.890471928,-5403.031157178089,LMM
564961.5434413244,5251401.870764958,-5403.031157178089,LMM
564727.3291066608,5250729.283852339,-5381.4493247512855,LMM
564280.192649576,5249445.2542918840,-5165.631000483247,LMM
564010.4912945089,5248670.760271291,-5100.885503202835,LMM
563747.8873435226,5247916.647672294,-5122.467335629639,LMM
563627.2314741506,5247570.163505187,-5338.285659897678,LMM
563435.6015639714,5247019.865122135,-5338.285659897678,LMM
563087.6415315456,5246020.637793627,-5316.703827470874,LMM
564267,5273663,-2996.36,LMM
564415,5273663,-2996.36,LMM
575057,5264638,-3969.65,LMM
575348,5264638,-3977.16,LMM
565634.0224779717,5253333.010461039,-293.53233013225054,RDF
565548.8536290032,5253088.433401905,-271.95049770544665,RDF
565414.0029514697,5252701.186391609,-412.2324084796728,RDF
565328.8341025012,5252456.609332474,-466.1869895466825,RDF
565218.8243392501,5252140.697297759,-520.1415706136922,RDF
565133.6554902815,5251896.120238624,-498.55973818688835,RDF
565030.7431311113,5251600.589625505,-304.3232463456525,RDF
564977.512600506,5251447.7289635455,-142.45950314462334,RDF
564934.9281760217,5251325.440433978,51.776988696612534,RDF
564881.6976454164,5251172.579772020,170.4770670440348,RDF
564807.1749025688,5250958.574845277,332.34081024506395,RDF
564704.2625433985,5250663.044232156,375.50447509867263,RDF
564565.8631638247,5250265.606511063,375.50447509867263,RDF
564406.1715720086,5249807.024525186,375.50447509867263,RDF
564250.028682233,5249358.6332501070,397.0863075254765,RDF
564083.2396863363,5248879.669842635,375.50447509867263,RDF
563895.1584781974,5248339.562170381,235.22256432444647,RDF
563770.953906785,5247982.8872924760,235.22256432444647,RDF
563742.5642904621,5247901.361606098,224.43164811104452,RDF
563685.7850578164,5247738.310233342,397.0863075254765,RDF
563664.4928455743,5247677.165968559,537.3682182997018,RDF
563618.3597190497,5247544.686728194,645.2773804337221,RDF
563561.580486404,5247381.6353554380,645.2773804337221,RDF
563469.3142333548,5247116.676874709,580.5318831533095,RDF
563348.6583639826,5246770.192707602,440.2499723790843,RDF
563252.843408893,5246495.0435160760,397.0863075254765,RDF
563146.3823476824,5246189.322192159,397.0863075254765,RDF
563384.1453843862,5246872.099815575,1066.1231127563992,RDF
563341.5609599019,5246749.811286008,1120.077693823409,RDF
563309.6226415387,5246658.094888832,1120.077693823409,RDF
563217.3563884895,5246393.136408104,947.4230344089774,RDF
563096.7005191173,5246046.652240996,828.7229560615556,RDF
566936.2762382181,5244443.783991080,253.33573887614693,RDF
567068.6663623188,5244186.680580791,231.91445559393014,RDF
567254.9932036458,5243824.831336681,306.8889470816912,RDF
567308.929920872,5243720.0855028590,521.1017799038655,RDF
567333.4466105202,5243672.473760213,660.3401212382792,RDF
567402.0933415354,5243539.160880804,746.0252543671486,RDF
567514.8701139175,5243320.146864632,531.8124215449743,RDF
567588.4201828623,5243177.311636694,510.3911382627566,RDF
567725.7136448927,5242910.685877876,638.9188379560615,RDF
568255.2741412956,5241882.272236721,339.02087200501774,RDF
568260.1774792252,5241872.749888191,617.4975546738451,RDF
568294.5008447327,5241806.093448487,863.842312419346,RDF
568323.9208723108,5241748.959357312,928.1061622659981,RDF
568382.7609274666,5241634.691174961,906.6848789837809,RDF
568446.5043205521,5241510.900644082,788.8678209315849,RDF
568745.6079342611,5240930.037383799,617.4975546738451,RDF
568828.9646790653,5240768.157458803,660.3401212382801,RDF
568967.1732732663,5240698.640722405,692.4720461616062,RDF
569007.41611155,5240683.94380175100,703.182687802715,RDF
568716.1879066832,5240987.171474975,960.2380871893247,RDF
568745.6079342611,5240930.037383799,1217.293486575934,RDF
568967.1732732663,5240698.640722405,1313.6892613459127,RDF
569530.5730092376,5240492.883833253,1099.476428523738,RDF
570184.5191313473,5240254.058872630,1045.9232203181941,RDF
570949.133058737,5239974.8173802085,1003.0806537537596,RDF
571316.0274133242,5239618.082407315,820.999745854911,RDF
571507.5357090024,5239175.783631006,563.9443464683013,RDF
571639.4636460252,5238871.088918438,392.57408021056153,RDF
571873.5293407429,5238330.501525172,242.6250972350399,RDF
573021.8471027431,5234000,-6320.98360655737,RDF
571417.4484661581,5234000,-6359.34426229501,RDF
568857.7271778701,5234000,-6448.85245901693,RDF
565904.9875947783,5234000,-6397.70491803786,RDF
563462.4643494795,5234000,-6257.04918037868,RDF
561565.5714517588,5234000,-6269.83606557377,RDF
559566.9858789159,5234000,-6269.83606557377,RDF
558217.6223711364,5234000,-6269.83606557377,RDF
556817.9238064323,5234000,-6218.68852490164,RDF
568552.631578947,5239100.6387029,1300,RDF
566421.052631579,5237676.7303322,1300,RDF
562205.263157898,5235881.1705459,1300,RDF
560121.052631579,5235031.1060615,1300,RDF
572815.789473643,5240800.2640791,1300,RDF
563863.3409257863,5274952.858291170,-149.94341285837072,UFM
564999.0512582712,5272426.160062199,-208.141020240565,UFM
566316.0934925814,5269496.039426922,-126.664369905493,UFM
567031.8773155761,5267903.582559924,71.20749519396668,UFM
567628.3638347383,5266576.535170759,408.7536180106936,UFM
567766.7487071839,5266268.660176473,490.2302683457656,UFM
564233,5273663,-177.97,UFM
564427,5273663,-170.45,UFM
563872.8847100929,5274931.625532943,-545.687143057291,UMM
564435.9679841821,5273678.892797571,-557.3266645337299,UMM
565323.5399246954,5271704.246282493,-568.9661860101687,UMM
566316.0934925814,5269496.039426922,-557.3266645337299,UMM
566888.720550977,5268222.0739333204,-487.4895356750967,UMM
567485.2070701394,5266895.026544158,-231.42006319344273,UMM
567971.9400697757,5265812.155874600,164.32366700547755,UMM
568220.0784617472,5265260.104160705,362.19553210493814,UMM
568253.4817068203,5265185.789506913,443.67218244001015,UMM
573006.9709916797,5267675.96132224,1300,UMM
570484.8212277939,5266245.783674387,1300,UMM
565655.7979161981,5263876.02128776,1300,UMM
561427.6291132598,5262053.819054044,1300,UMM
557970.0172400869,5260399.89506034,1300,UMM
568182.1452664717,5264925.792669215,1300,UMM
564258,5273663,-546.24,UMM
564421,5273663,-546.24,UMM
570875.6364450573,5259352.089184144,565.8871579425772,Up_LFM
571419.6321505334,5258141.821965224,-691.1811615128172,Up_LFM
572178.3630029077,5256453.817686207,-1715.459051439435,Up_LFM
572898.9187180556,5254850.744440095,-2274.156082308499,Up_LFM
573528.808482291,5253449.3823971370,-2565.1441192194698,Up_LFM
574344.8020405049,5251633.981568758,-2681.5393339838583,Up_LFM
569923.6439604745,5261470.056817251,-737.7392474185754,Up_LFM
570267.2201955119,5260705.677521092,-1284.7967568112008,Up_LFM
570691.9185971555,5259760.819780006,-1750.3776158687551,Up_LFM
571135.7045674121,5258773.496522468,-2099.56326016192,Up_LFM
571388.6148515369,5258210.828429461,-2285.7956037849417,Up_LFM
571751.2786551876,5257403.983616845,-2367.2722541200137,Up_LFM
569420.2093383016,5262590.084813707,-743.5590081567946,Up_LFM
569515.6471813675,5262377.757231440,-731.9194866803557,Up_LFM
569646.8742155832,5262085.806805824,-772.6578118478917,Up_LFM
569727.9963821893,5261905.328360895,-819.2158977536467,Up_LFM
569821.0482791786,5261698.308968187,-877.413505135841,Up_LFM
569847.2936860217,5261639.918883064,-912.3320695651576,Up_LFM
563906.287955166,5274857.3108791495,-1796.9357017745078,Up_LFM
564898.841523052,5272649.1040235790,-1866.7728306331392,Up_LFM
565891.3950909378,5270440.897168008,-1866.7728306331392,Up_LFM
566826.6859529843,5268360.086861797,-1843.4937876802614,Up_LFM
567685.6265405779,5266449.138621399,-1494.3081433870975,Up_LFM
568563.6546967847,5264495.724864548,-958.8901554709109,Up_LFM
569174.4568924067,5263136.828338043,-120.84460916731405,Up_LFM
568744.98659861,5264092.30245824200,-1878.4123521095787,Up_LFM
568969.2655298149,5263593.332639915,-1715.4590514394351,Up_LFM
569327.1574413122,5262797.104206416,-1738.7380943923129,Up_LFM
569589.6115097436,5262213.203355184,-1878.4123521095787,Up_LFM
570200.4137053657,5260854.306828679,-2309.074646737816,Up_LFM
570606.024538396,5259951.9146040460,-2681.5393339838583,Up_LFM
570987.7759106599,5259102.604274980,-3030.724978277023,Up_LFM
571245.458086938,5258529.3198028610,-3298.433972235117,Up_LFM
571488.8245867562,5257987.884468081,-3589.4220091460875,Up_LFM
572490.9219389487,5255758.444854284,-3764.0148312926704,Up_LFM
573359.4063108489,5253826.263855659,-3857.131003104181,Up_LFM
574523.7479962535,5251235.867352009,-4089.9214326329584,Up_LFM
567747.6611385708,5266311.125692925,-2541.865076266592,Up_LFM
568148.5000794478,5265419.349847407,-2343.9932111671324,Up_LFM
568859.5120102891,5263837.509359522,-2390.551297072888,Up_LFM
569460.7704216046,5262499.845591243,-2483.6674688843977,Up_LFM
569832.9780095618,5261671.768020405,-2832.8531131775635,Up_LFM
570305.3953327383,5260620.746488186,-3158.7597145178506,Up_LFM
570543.9899404031,5260089.927532519,-3263.5154078058004,Up_LFM
570691.9185971555,5259760.819780006,-3275.154929282239,Up_LFM
563853.7971414798,5274974.091049396,-2477.8477081461883,Up_LFM
565127.8923464102,5272139.517826139,-2675.719573245649,Up_LFM
566401.9875513407,5269304.944602825,-2803.7543094864754,Up_LFM
567599.7324818185,5266640.233445439,-2989.986653109497,Up_LFM
568663.8644320039,5264272.780903168,-3141.3004323032023,Up_LFM
569699.3650292695,5261969.026635577,-3269.335168544027,Up_LFM
569818.662333102,5261703.6171577404,-3269.335168544027,Up_LFM
573459.7106663667,5261646.428303725,1300,Up_LFM
568571.3214901431,5259656.697398996,1300,Up_LFM
566155.3106963496,5258607.675586537,1300,Up_LFM
562859.0060715089,5257335.282212728,1300,Up_LFM
559177.7228093846,5255951.577842740,1300,Up_LFM
556761.7120155910,5254902.556030283,1300,Up_LFM